{
  "S_list": [
    1,
    2,
    4,
    8,
    16,
    32,
    64,
    128,
    256,
    512
  ],
  "N_lists": [
    [
      16,
      32,
      64,
      128,
      256,
      512,
      1024,
      2048,
      4096,
      6000
    ],
    [
      32,
      64,
      128,
      256,
      512,
      1024,
      2048,
      4096,
      8192,
      12000
    ],
    [
      64,
      128,
      256,
      512,
      1024,
      2048,
      4096,
      8192,
      16384,
      24000
    ],
    [
      128,
      256,
      512,
      1024,
      2048,
      4096,
      8192,
      16384,
      32768,
      48000
    ],
    [
      256,
      512,
      1024,
      2048,
      4096,
      8192,
      16384,
      32768,
      65536,
      87376
    ],
    [
      512,
      1024,
      2048,
      4096,
      8192,
      16384,
      32768,
      65536,
      87376
    ],
    [
      1024,
      2048,
      4096,
      8192,
      16384,
      32768,
      65536,
      87376
    ],
    [
      2048,
      4096,
      8192,
      16384,
      32768,
      65536,
      87376
    ],
    [
      4096,
      8192,
      16384,
      32768,
      65536,
      87376
    ],
    [
      8192,
      16384,
      32768,
      65536,
      87376
    ]
  ],
  "T_lists": [
    [
      0.04220784505208333,
      0.044820075564914276,
      0.04972590340508356,
      0.05271824730767144,
      0.06374068790011936,
      0.08007094065348307,
      0.12078921000162761,
      0.20512297948201497,
      0.35859173668755423,
      0.48008944193522135,
      0.6195273717244467,
      0.8416153483920626,
      1.0217453532748753,
      1.3702073415120446,
      2.014188215467665,
      2.941367869906956,
      4.161181375715468,
      4.387058279249399
    ],
    [
      0.03887571758694119,
      0.04148794809977213,
      0.044005966186523436,
      0.04580024083455403,
      0.05672085020277235,
      0.07734235127766927,
      0.13054636849297416,
      0.2196025318569607,
      0.35910959243774415,
      0.46429873572455516,
      0.6037366655137805,
      0.8258246421813964,
      1.005954647064209,
      1.354416635301378,
      1.9983975092569988,
      2.92557716369629,
      4.145390669504802,
      4.371267573038734
    ],
    [
      0.03713371488783093,
      0.039745945400661876,
      0.04226396348741319,
      0.045101706186930345,
      0.055691030290391706,
      0.07648518880208334,
      0.14683940675523546,
      0.25382144716050886,
      0.41486724217732746,
      0.4629132376776801,
      0.6345205518934461,
      0.9134084171719022,
      1.0935384220547146,
      1.4420004102918835,
      2.085981284247504,
      3.013160938686795,
      4.232974444495307,
      4.45885134802924
    ],
    [
      0.035813257429334826,
      0.03842548794216578,
      0.04094350602891709,
      0.043781248728434245,
      0.05454159842597114,
      0.07390830781724718,
      0.1570393880208333,
      0.2455900298224555,
      0.3865985552469889,
      0.4138596216837565,
      0.6111374113294813,
      0.8360928005642361,
      1.2860474374559192,
      1.5689031918843588,
      2.2128840658399795,
      3.14006372027927,
      4.359877226087782,
      4.585754129621716
    ],
    [
      0.032584921518961564,
      0.035197152031792515,
      0.03771517011854383,
      0.040552912818060984,
      0.05131326251559787,
      0.07095113330417209,
      0.10973640018039278,
      0.27621710035536023,
      0.29747393925984705,
      0.38323992623223196,
      0.5476481013827853,
      0.6713063663906521,
      0.8693482928805881,
      1.1808982637193468,
      1.7922361056009928,
      2.584849961598714,
      3.804663467407227,
      4.030540370941162
    ],
    [
      0.04397855334811738,
      0.04659078386094833,
      0.04910880194769964,
      0.05194654464721679,
      0.06270689434475367,
      0.0823447651333279,
      0.12564016977945963,
      0.2510602315266927,
      0.3575529416402181,
      0.37067995071411125,
      0.5397344377305773,
      0.6311897807651096,
      0.8408789846632216,
      1.1919754452175564,
      1.5654331525166831,
      2.3882863892449273,
      3.7675306638081865,
      5.075542513529459
    ],
    [
      0.0578954908582899,
      0.06050772137112085,
      0.06302573945787215,
      0.06586348215738931,
      0.0766238318549262,
      0.09626170264350042,
      0.13955710728963214,
      0.25561725828382703,
      0.29170529047648114,
      0.37415303124321836,
      0.5210011694166395,
      0.6224475118849013,
      0.8170896318223742,
      1.3740050951639813,
      1.5568445947435166,
      2.28313930299547,
      3.3358689308166505,
      4.944193903605143
    ],
    [
      0.07194473478529193,
      0.07455696529812286,
      0.07707498338487416,
      0.07991272608439133,
      0.09067307578192824,
      0.11031094657050247,
      0.15360635121663418,
      0.26966650221082905,
      0.38371476067437066,
      0.48363968531290685,
      0.7757095442877876,
      0.7863449626498752,
      0.8230081876118978,
      1.1504012319776749,
      1.5541826989915635,
      2.187535603841146,
      3.232220713297526,
      4.017590141296387
    ],
    [
      0.07223573260837149,
      0.07484796312120241,
      0.07736598120795372,
      0.08020372390747088,
      0.09096407360500777,
      0.11060194439358201,
      0.1538973490397137,
      0.26995750003390856,
      0.3840057584974501,
      0.41012815899319116,
      0.4940586513943142,
      0.6660014046563042,
      0.9275169478522406,
      1.318002372317844,
      1.613089688618978,
      2.483509794871012,
      3.0563297165764696,
      4.762045256296793
    ],
    [
      0.249234951866998,
      0.2518471823798289,
      0.25436520046658023,
      0.2572029431660974,
      0.26796329286363424,
      0.2876011636522085,
      0.3308965682983402,
      0.446956719292535,
      0.5610049777560766,
      0.5871273782518176,
      0.6710578706529405,
      0.7930182774861655,
      0.9869279437594943,
      1.3474773618910048,
      1.7560516993204753,
      2.5928434689839683,
      3.512036365932888,
      4.40245885848999
    ]
  ]
}