{
  "N_list": [
    12,
    16,
    24,
    32,
    48,
    64,
    96,
    128,
    192,
    256,
    384,
    512,
    768,
    1024,
    1536,
    2048,
    3072,
    4096,
    6144,
    8192,
    15504
  ],
  "T_list": [
    0.0122951109531439,
    0.012145999903118031,
    0.0139946669094368,
    0.014186666858020343,
    0.017381555517204106,
    0.01824711119600882,
    0.014350222268452248,
    0.018154666772008766,
    0.018575778075804312,
    0.018565111366721492,
    0.01993800041317526,
    0.01947111156510396,
    0.02166088842528148,
    0.02195199961877532,
    0.025052444944675598,
    0.028432888858434226,
    0.03748533445306951,
    0.043295110679335065,
    0.07665555831044912,
    0.0909975563796858,
    0.17136866826977992
  ]
}