{
  "S_list": [
    12,
    16,
    24,
    32,
    48,
    64,
    96,
    128,
    192,
    256,
    384,
    512,
    768,
    1024,
    1536,
    2048,
    3072,
    4096,
    5999
  ],
  "T_list": [
    0.008829777930966683,
    0.008785777932239903,
    0.009087111348182792,
    0.012692888739467079,
    0.010394444255830927,
    0.0101257776388795,
    0.01502644426525674,
    0.019975110616845388,
    0.0262968884781003,
    0.03198711077372233,
    0.04786355591689547,
    0.06832000080289112,
    0.1363059984933999,
    0.19952355552878642,
    0.39667955454852843,
    0.6771202215717899,
    1.4324333394567172,
    2.4616828891966076,
    5.334507998492984
  ]
}